Month,AGO,ARE,ARG,AUS,AUT,AZE,BEL,BGD,BGR,BHR,BLR,BOL,BRA,CAN,CHE,CHL,CHN,CMR,COD,COL,CRI,CUB,CZE,DEU,DNK,DOM,DZA,ECU,EGY,ESP,EST,ETH,FIN,FRA,GBR,GHA,GRC,GTM,HKG,HND,HRV,HUN,IDN,IND,IRL,IRN,IRQ,ISL,ISR,ITA,JPN,KAZ,KEN,KWT,LBN,LBY,LKA,LTU,LUX,LVA,MAC,MAR,MEX,MMR,MYS,NGA,NLD,NOR,NPL,NZL,OMN,PAK,PAN,PER,PHL,POL,PRT,PRY,QAT,ROU,RUS,SAU,SDN,SGP,SLV,SRB,SVN,SWE,THA,TUN,TUR,TZA,UGA,UKR,URY,USA,UZB,VNM,ZAF,ZMB
09 01,20,36,192,6662,526,18,378,416,148,9,39,7,582,8195,603,79,63503,9,5,90,32,13,650,6894,522,17,44,16,280,587,23,7,516,4018,7900,83,358,18,23692,18,249,134,3368,3161,908,320,140,6,649,1375,237192,368,18,17,46,181,739,27,15,57,955,60,332,829,5363,192,1307,995,590,1796,24,636,24,64,7238,469,543,21,5,216,5887,133,69,4932,20,11,129,707,40494,22,422,7,16,315,7,46482,1189,4823,553,3
09 02,18,35,160,4445,628,20,387,674,155,11,60,16,491,7136,634,98,78029,33,5,80,13,0,586,7084,459,27,68,9,224,469,66,15,573,3586,6557,95,326,33,15124,17,214,111,2438,2813,443,396,178,18,688,1216,293146,398,40,21,53,169,822,37,53,83,568,70,253,895,3143,216,1188,874,672,1359,22,777,12,63,6623,309,267,33,22,178,4263,199,63,2748,11,16,88,761,32860,31,493,46,7,347,17,43535,1224,8642,589,14
09 03,12,45,112,8138,606,29,617,401,160,22,39,19,611,8731,767,111,65829,22,10,107,20,17,576,7861,640,33,40,56,275,645,22,41,708,4465,9116,119,369,47,12956,14,170,143,2827,3275,505,654,153,18,761,1764,325110,329,55,48,61,227,613,54,25,125,357,45,374,1026,4816,267,1541,1023,438,1806,31,768,16,139,7476,439,272,40,24,208,4778,220,75,5140,20,15,61,944,30504,58,522,40,24,430,8,53977,1162,6635,557,5
09 04,27,89,123,7620,552,25,507,334,179,30,49,5,547,8719,756,103,73894,12,1,147,22,7,629,6698,518,17,73,43,167,887,18,14,677,4851,6940,104,348,33,22367,6,160,134,2549,3133,418,374,131,10,683,1582,273190,356,59,45,31,158,519,67,24,65,503,73,387,1008,7356,265,1428,936,423,1946,35,605,31,152,9290,414,325,37,4,194,4758,211,73,7854,13,8,44,958,42822,44,623,42,12,488,8,54156,982,6419,405,3
09 05,20,96,181,6982,557,16,588,360,163,32,69,13,778,8747,738,150,57869,27,28,119,31,9,654,6083,555,29,45,43,265,794,32,15,573,4300,6527,123,331,27,12321,20,188,215,3334,3266,347,426,124,13,642,1756,207458,335,49,38,66,142,524,62,19,60,270,105,271,1252,4298,268,1292,751,450,1819,36,791,25,112,8160,581,281,27,56,227,4756,276,111,5442,14,18,70,940,35769,70,646,33,29,426,11,58708,1077,6372,497,15
09 06,22,94,148,8113,480,67,560,427,133,28,46,35,592,7195,764,125,51994,31,12,139,28,11,425,5800,565,21,74,58,245,722,25,22,586,3972,5964,130,363,52,12316,14,167,124,3827,3418,378,503,224,22,629,1513,179663,528,65,52,59,226,549,46,27,75,471,101,269,1051,4370,264,1307,837,482,2084,29,683,24,170,6727,435,293,21,22,261,5595,293,81,6212,8,47,49,930,28788,84,669,51,27,463,17,62180,1090,6120,450,7
09 07,79,98,161,6653,621,84,533,352,120,31,63,16,676,9037,865,101,78899,19,12,138,50,4,361,6203,559,21,86,42,282,1011,56,52,400,4615,6518,137,417,44,16646,14,179,155,3087,3180,455,425,148,12,647,1841,226281,439,38,51,71,198,508,98,21,137,412,99,420,1153,2571,274,1406,702,386,1655,36,654,14,96,6360,417,322,22,45,205,5191,449,94,3058,22,18,84,731,37294,35,617,47,11,523,5,60032,1065,6342,537,3
09 08,38,59,201,7715,602,74,464,571,116,15,88,29,705,10768,716,138,127172,43,21,138,31,13,442,6464,571,26,51,49,256,1158,35,23,609,5442,7100,129,365,72,18245,23,190,150,3161,3551,585,582,144,20,895,1921,246425,640,93,53,45,164,629,51,38,74,755,99,428,1183,2952,284,1439,802,550,1852,19,826,27,122,6776,498,548,61,13,172,6261,368,133,3701,20,31,58,855,40629,40,640,74,17,495,5,61926,1647,7148,906,13
09 09,37,68,162,9735,624,43,501,431,191,15,46,20,620,7713,854,162,91589,30,16,175,27,2,419,6505,657,28,16,87,197,882,62,16,633,3906,6353,129,351,46,13692,7,162,151,7589,4107,406,567,134,16,864,1607,286595,343,73,27,42,116,655,57,26,78,277,44,466,1360,4490,328,1322,835,766,2418,11,585,22,142,6878,407,239,24,57,222,4755,161,48,5799,21,20,52,950,25419,31,685,97,14,493,7,49890,1538,5790,443,4
09 10,14,94,231,9672,693,49,668,716,282,69,81,20,1035,10618,966,191,104308,23,13,215,49,6,436,8320,897,25,88,65,388,1174,76,56,950,5644,8215,170,506,29,21408,7,227,223,5123,3857,536,704,228,34,1247,1995,268573,447,149,43,63,266,1016,64,52,107,709,115,571,1613,5665,362,1888,1094,1037,2064,25,907,55,161,7232,627,449,47,49,279,5470,319,112,7690,25,57,77,1373,35262,59,959,54,49,722,18,61608,2085,6869,619,14
09 11,47,78,184,8451,659,63,521,517,129,11,103,28,726,7657,801,223,74968,72,20,188,23,17,518,7056,593,52,59,63,343,1068,48,20,658,4904,7192,164,404,59,16228,12,176,335,4022,3819,430,559,212,21,958,1944,253513,550,85,58,64,206,703,49,23,73,654,60,491,1333,7445,268,1495,882,881,1951,37,707,21,111,6952,597,390,32,34,204,5270,289,87,10856,20,35,46,1168,29480,96,777,61,30,515,16,46718,1537,5972,388,14
09 12,17,80,194,10076,396,26,368,438,123,18,99,12,643,7629,582,81,73178,16,24,90,38,10,451,5557,310,11,38,24,257,593,25,10,454,4018,5831,104,274,23,21923,4,118,77,7566,3297,468,630,126,12,820,1084,235230,329,26,17,49,114,489,35,26,53,1202,72,291,1106,13679,177,1272,658,459,2324,11,705,13,72,6765,406,583,12,7,165,5128,165,62,20919,12,22,46,683,32270,48,661,14,12,323,9,48354,1167,5405,390,6
10 01,12,121,166,8201,531,61,414,468,122,5,30,13,616,8407,615,85,68524,17,12,68,27,2,659,6644,459,18,65,28,281,656,22,16,428,4090,7295,117,404,23,14020,6,195,106,2867,3583,525,401,192,17,839,1313,208990,390,27,38,65,128,481,31,30,57,555,38,319,1024,3490,185,1403,900,517,2000,35,687,18,58,7201,454,282,47,7,182,6069,219,77,4440,24,25,115,744,39205,52,543,8,19,475,12,47597,1154,4385,693,4
10 02,37,92,173,5729,502,45,397,541,127,19,30,17,629,8167,527,96,109975,31,8,79,20,0,473,5563,403,9,55,24,234,559,19,38,450,3739,6194,139,272,45,22662,12,218,99,3084,3039,507,353,81,11,833,1211,229892,440,60,49,40,150,511,57,12,55,918,52,370,922,6416,166,1094,770,485,1454,50,751,14,69,6646,394,389,30,11,203,4219,252,86,4936,23,28,46,777,39008,34,517,43,11,474,17,45336,1214,7097,807,6
10 03,75,136,215,10790,716,45,557,495,154,22,62,19,793,9216,846,108,93346,36,104,116,24,7,613,8220,646,31,43,79,396,865,25,36,634,4488,8010,205,449,40,17423,13,190,117,3290,3746,545,572,154,14,1187,1831,304391,487,72,55,79,174,448,61,42,85,434,88,420,1351,6981,266,1696,1272,463,1968,32,842,19,122,9190,509,283,37,9,215,5148,280,136,6462,13,41,53,1028,30616,59,946,73,19,429,17,58346,1384,8374,501,9
10 04,21,192,177,9091,603,31,536,405,184,21,47,15,674,9809,940,122,111889,25,31,197,34,3,598,6712,524,25,74,49,299,789,31,71,541,5250,8277,160,370,35,19557,22,183,109,4048,4038,421,552,191,16,1115,1569,237763,751,55,96,76,128,446,44,36,95,473,76,464,1153,10486,279,1671,1103,561,2084,51,665,43,90,9861,442,388,34,19,252,5529,307,91,7800,8,11,39,1135,36017,71,1269,17,7,639,10,62022,1191,7661,538,4
10 05,22,326,244,9380,619,42,535,573,147,30,83,43,1029,9958,836,186,116567,30,13,166,42,8,484,6659,588,48,94,93,327,964,46,15,627,5028,7332,178,413,38,15804,14,183,175,4519,4329,477,757,233,28,887,1911,237709,506,83,78,107,143,528,56,24,75,347,64,535,1174,6171,273,1624,981,438,2606,49,877,26,211,9118,612,249,37,11,216,5973,375,117,7608,20,66,88,1060,35745,109,962,78,50,594,14,61993,1275,7402,617,18
10 06,47,222,310,9602,554,52,584,1008,166,12,72,21,826,8268,797,179,114177,35,8,204,38,2,502,6453,687,25,68,50,417,911,37,77,673,4561,6724,125,458,35,17086,13,181,155,6878,5155,576,661,256,25,935,1875,230581,550,75,69,67,188,945,45,29,60,557,95,554,1189,5937,233,1577,1097,1037,2504,76,866,22,138,7304,460,338,48,23,230,6707,228,98,10379,22,48,54,1157,35476,67,957,63,22,644,15,67072,2341,7753,470,8
10 07,73,438,221,8495,703,67,618,942,181,32,82,12,860,10438,880,91,152791,34,36,188,28,10,473,6609,728,23,96,55,318,1133,55,31,422,5620,7016,157,453,46,19748,15,210,188,3798,3882,492,521,265,29,890,1755,225865,605,93,121,112,131,1525,90,28,106,533,74,675,966,3754,250,1599,944,1144,2351,90,798,17,97,6648,597,394,26,54,275,7079,520,104,4650,12,64,68,923,39055,75,826,28,18,580,14,64494,2357,7860,642,5
10 08,32,108,163,8055,682,116,641,669,170,4,77,48,970,10827,807,176,196070,45,16,124,46,9,477,6763,576,16,99,95,235,1573,44,49,629,6254,8047,150,391,85,20287,20,160,179,3544,4504,627,726,186,12,1055,1879,262145,859,74,55,54,67,1285,80,42,58,966,69,699,1043,3701,327,1463,981,602,2229,53,637,29,124,6398,633,652,32,18,310,7102,332,99,4811,28,39,85,1044,41155,68,915,68,43,535,22,62329,2153,8804,1093,8
10 09,31,122,219,10354,604,72,727,457,136,13,63,29,958,10145,856,199,131647,45,24,223,43,16,404,6934,655,43,49,199,359,1026,52,41,540,4621,7703,144,429,39,13536,26,196,181,9853,4139,582,666,108,28,875,1658,265767,604,81,70,69,78,784,87,36,79,389,52,705,1165,7331,249,1580,1113,592,2715,94,612,26,134,7517,579,320,38,45,332,5743,394,79,6290,31,58,36,1019,35081,56,896,89,47,503,28,59239,1732,7320,750,22
10 10,43,197,249,9544,987,73,840,757,233,39,88,26,1193,10817,1233,202,137775,24,42,190,57,18,597,8760,841,41,67,66,556,1373,76,55,920,6110,9656,203,510,49,21264,23,226,301,6067,5458,528,734,205,34,1240,2665,299247,514,124,106,99,246,1116,101,48,149,812,86,898,1091,8504,337,2014,1225,677,2323,74,928,72,222,9420,772,707,27,53,371,7344,455,101,9218,32,74,91,1582,42183,49,1096,55,24,652,34,65565,2473,9972,657,23
10 11,43,186,284,7130,688,53,572,594,178,34,70,16,1037,8930,903,222,103610,27,47,137,38,4,549,7336,688,13,67,48,440,1178,26,52,694,4833,8288,193,468,36,18996,9,199,189,5100,4403,402,632,144,29,1005,2337,273301,716,98,76,74,145,1108,65,35,129,913,79,696,1203,15097,330,1797,1183,626,1700,50,643,38,240,8416,635,465,41,26,298,6750,378,78,11504,15,60,79,1198,37648,65,1117,67,39,689,19,51807,3177,9197,455,11
10 12,24,141,235,8933,356,34,394,617,108,16,47,13,893,7514,496,80,84869,19,31,110,14,6,531,4743,379,20,30,43,287,643,15,10,467,3937,5789,115,357,26,20738,11,109,113,8544,3486,381,509,139,11,768,1127,228415,432,32,68,40,155,737,46,12,75,1228,57,394,1036,20939,246,1076,708,412,1858,43,675,13,80,7178,325,494,43,6,199,5775,222,49,22428,14,35,29,704,26852,27,641,19,11,562,7,48092,1934,6985,481,1
11 01,58,141,205,7306,486,52,440,418,150,11,36,12,833,7873,610,144,81663,19,7,97,24,3,488,5463,498,16,70,37,347,673,25,8,488,4421,8008,145,427,36,14209,11,171,109,3465,3606,562,526,69,18,821,1515,196093,533,29,59,46,134,627,55,19,107,508,62,382,1165,6762,260,1306,1059,381,1583,55,684,16,83,8039,538,250,24,16,194,6283,301,43,4658,23,34,48,796,28648,36,568,35,12,464,11,48289,1901,4221,732,6
11 02,27,133,130,5675,517,70,425,679,150,17,50,30,729,8392,608,98,114576,33,24,115,27,6,469,5666,399,20,79,67,231,657,34,37,603,3873,7945,173,377,52,21226,57,170,108,3665,3792,561,412,108,13,692,1518,220664,489,57,48,81,114,774,66,31,75,679,92,422,1054,10070,262,1255,883,779,1270,50,807,26,84,6796,446,371,29,19,265,5417,466,76,4999,18,35,66,873,26447,21,658,60,19,503,7,47262,2199,10351,1015,5
11 03,42,178,170,7979,575,37,658,848,137,8,58,33,808,9048,739,102,113453,42,18,147,26,7,589,6679,661,18,69,72,280,797,45,53,642,5483,8161,133,376,52,17895,40,252,145,4608,3842,552,572,175,21,855,1702,266417,560,75,123,77,16,1274,88,24,80,554,75,543,1908,11242,329,1488,1100,1349,1690,33,1040,35,138,8770,577,293,22,14,314,5911,355,78,6359,13,60,43,1151,28399,58,712,43,14,623,25,55294,3371,11470,513,4
11 04,27,239,197,12066,588,66,538,780,160,19,66,28,1021,9824,857,248,115606,55,17,221,47,5,537,6481,657,47,52,59,395,903,50,49,709,4867,8910,166,350,55,25153,17,174,138,5424,4246,448,541,193,27,950,1648,217646,628,97,58,75,23,1220,87,45,82,641,94,583,1799,13238,293,1742,1366,1117,2208,76,893,23,106,12126,575,388,52,40,236,6570,565,88,7926,17,56,55,1153,34457,62,870,69,14,675,21,59987,2568,10891,573,12
11 05,14,295,291,9922,757,32,670,639,187,26,80,24,1528,10441,923,205,116514,34,44,247,56,23,561,7152,785,19,112,92,411,1037,58,45,813,5226,7839,201,460,53,18721,27,206,185,6022,5299,461,920,191,19,1102,1980,233642,557,101,83,97,10,1418,82,44,82,448,137,626,1914,10477,298,1587,991,1303,2045,153,985,47,151,10701,586,412,31,42,329,6518,519,106,7263,42,49,69,1258,31082,101,1045,48,18,681,54,63713,2083,7737,657,14
11 06,28,336,172,9119,500,65,519,696,159,18,66,16,856,8362,706,159,146165,41,45,182,38,26,643,5727,636,36,91,72,406,819,53,62,599,4377,6704,181,358,44,24236,18,182,162,8316,4289,429,677,206,13,680,1748,253819,698,60,82,67,21,1710,67,19,115,1153,109,515,1459,8467,271,1446,1057,863,2329,53,766,31,174,9740,588,513,28,36,236,8165,557,101,10839,20,80,55,1146,43821,50,925,53,41,736,11,63954,2154,9961,550,12
11 07,60,421,169,10198,633,69,649,636,186,45,71,24,948,9762,848,133,204121,51,35,167,34,9,576,6536,608,33,50,35,349,1022,25,38,370,5069,7483,157,395,46,25671,24,187,193,5556,4410,482,624,182,29,758,1690,274145,832,48,95,85,38,1004,68,24,89,986,114,645,1370,6395,282,1609,883,691,2623,69,824,29,109,7959,607,438,27,65,282,7761,1059,73,5338,33,40,52,823,50144,50,841,94,35,726,8,64165,2439,10514,600,10
11 08,66,105,200,9310,641,80,702,668,216,33,118,32,982,10503,893,221,233518,42,61,220,30,71,633,7248,635,23,64,119,309,1571,80,117,685,6415,9238,197,489,43,26217,19,225,181,12875,4590,774,856,188,23,823,2072,324233,868,198,48,85,24,1608,142,35,101,1454,107,649,1362,7838,264,1679,1151,901,2240,38,603,41,116,7597,785,849,49,17,319,7846,381,102,5167,21,77,90,1142,49758,66,1030,81,64,648,29,63429,2978,9322,1242,13
11 09,61,222,178,11214,645,63,585,598,203,26,70,21,1043,9235,903,183,186345,21,22,269,44,8,584,6936,556,35,84,96,406,1064,54,32,631,4688,7565,173,496,59,18022,8,181,162,8296,4493,614,810,164,21,1092,1881,318450,696,92,135,81,26,1342,66,27,86,951,83,610,1607,10718,261,1564,1124,689,2328,86,858,27,162,9366,648,454,37,29,295,6328,1007,91,8179,32,44,93,1205,39615,65,875,37,58,564,17,58748,2666,8252,671,12
11 10,78,302,277,12523,914,91,816,561,211,78,87,36,1399,11438,1361,242,175488,60,38,363,55,14,708,9088,1046,49,147,113,487,1471,81,99,872,6373,10813,233,497,52,27057,44,266,294,7267,5169,965,920,233,52,1428,2660,337607,723,152,157,113,92,921,91,33,88,840,90,671,1590,14414,466,2099,1400,622,2376,114,816,36,215,12947,735,488,51,93,398,8156,730,99,10612,22,58,76,1541,46300,116,1044,121,85,711,42,66555,2892,8896,641,49
11 11,43,220,362,8820,716,43,636,510,188,27,65,28,1160,9013,924,372,141283,36,31,173,36,3,499,7905,656,46,83,72,491,1139,44,73,600,5024,8465,199,422,54,25051,42,208,179,6253,4469,500,700,199,35,969,2372,329811,760,137,117,92,199,845,97,47,69,1178,100,641,1448,14159,276,1796,1132,945,2012,50,715,51,180,10203,894,545,51,99,300,6998,712,68,12513,40,46,58,1257,40535,108,954,48,33,674,39,53047,2608,8025,459,20
11 12,54,222,177,10712,411,37,424,545,191,5,42,21,1193,8526,608,141,129219,17,11,122,29,12,488,5261,395,9,44,41,311,848,30,23,449,4393,6686,115,424,25,29142,9,251,104,13604,3804,443,532,144,16,818,1324,297763,483,65,45,32,96,451,70,15,52,2183,73,372,1318,22751,163,1243,596,573,2800,57,723,28,115,9308,460,776,23,15,222,6651,344,66,26757,12,57,35,805,38474,53,734,34,11,591,5,50547,2051,6720,526,8
12 01,39,139,154,9012,460,40,524,460,177,10,49,13,948,8658,566,138,139296,38,11,160,38,4,582,5839,563,14,49,64,314,740,51,24,499,4500,9300,120,448,22,31659,33,166,89,5948,4037,683,311,122,35,833,1504,244355,506,52,75,61,131,633,64,18,61,1578,57,429,1238,10269,150,1293,1021,558,2483,31,664,49,113,8387,629,580,24,23,309,7295,567,93,6152,24,53,57,956,45292,39,720,19,15,548,10,50116,2781,6159,834,5
12 02,32,127,162,7587,579,44,514,662,163,5,51,22,781,9041,922,134,133404,36,20,151,20,3,485,6519,591,20,55,43,373,849,23,69,579,4460,8683,144,434,42,21516,16,205,128,5817,4177,596,505,203,26,923,1606,293508,711,76,146,68,228,796,64,19,42,1061,78,451,1492,8919,260,1444,897,937,1652,28,832,44,121,8432,712,309,33,30,291,6466,459,69,5039,29,42,70,934,46484,45,787,44,31,621,11,51468,4239,11387,911,9
12 03,30,430,242,9514,592,82,673,898,158,14,47,23,1034,10109,912,283,152934,45,11,144,20,4,778,8459,666,23,101,68,367,1103,56,67,709,5308,9614,130,436,29,22982,28,202,185,7419,4379,523,483,232,49,1138,2045,359397,960,109,90,50,351,1137,71,28,88,921,85,545,2272,12688,422,1587,1260,2044,1769,48,967,51,150,10979,742,366,29,66,338,7424,684,84,8639,11,71,56,1363,38053,89,1025,69,27,783,27,59058,4315,11063,699,17
12 04,35,307,327,10544,677,54,676,837,165,73,85,27,1473,11648,1182,283,196571,47,42,203,36,10,616,7692,656,27,97,108,440,1018,81,39,657,5655,9960,129,408,57,34927,17,162,163,10647,4962,527,438,192,29,1059,2020,297015,844,99,127,78,310,1627,60,22,68,1692,96,755,2051,18733,249,1764,1076,1548,2494,83,967,38,176,16720,686,693,33,60,424,8766,517,112,11649,23,49,63,1461,45255,86,991,87,45,804,33,67556,3908,10738,626,5
12 05,155,264,304,9859,681,56,669,652,200,38,88,21,1236,10966,1092,280,183605,28,20,329,40,15,519,7438,872,36,118,95,402,1200,50,64,742,5315,7437,177,452,33,23560,29,247,218,10514,5077,491,852,308,37,929,2451,311966,952,77,74,72,200,1649,174,36,76,1063,75,660,2472,14970,254,1867,1096,2070,2368,234,796,64,169,11959,815,402,84,79,357,8195,531,95,12460,23,75,81,1348,43591,145,984,61,53,693,30,67173,3421,9856,566,4
12 06,85,469,231,10214,629,96,787,775,154,25,69,33,1253,8921,898,244,207944,61,42,297,40,19,548,6620,714,44,205,87,363,1175,55,76,609,5101,7643,218,438,61,28544,23,191,212,10671,5256,514,666,182,26,902,2035,301241,998,155,93,148,318,1578,171,25,95,1718,137,666,1829,9843,485,1782,1119,1293,2527,129,790,40,216,9515,744,623,45,54,333,9460,1174,136,14824,27,60,86,1305,52401,121,1512,98,69,865,30,68795,3005,10371,705,33
12 07,266,450,213,10406,820,68,760,585,170,29,74,21,957,10494,1168,159,300719,44,17,193,38,1,647,7315,681,24,124,81,394,1480,43,61,437,5819,8026,187,537,46,30831,21,223,246,6927,4722,529,550,192,41,1016,2118,297316,1011,106,70,80,311,740,128,29,90,1797,88,781,1516,6292,361,2171,980,795,2647,109,715,23,149,8141,730,825,37,37,391,9254,634,86,6909,21,54,155,1039,58194,52,1084,65,37,721,83,65216,3156,9712,597,15
12 08,92,325,162,11236,700,68,620,609,180,46,110,36,952,10732,914,165,322958,65,39,285,47,5,541,7146,625,23,48,76,248,1585,34,64,589,6552,8678,161,418,59,33123,40,237,176,13574,4471,734,697,134,21,1002,1823,345163,1179,86,87,36,195,810,111,38,92,2867,111,673,1395,8238,331,1849,1069,864,2640,50,612,55,135,8252,779,1085,41,84,368,9385,630,46,6751,33,83,45,1094,57004,50,902,77,32,635,19,64280,3271,9216,1219,42
12 09,46,329,245,11997,779,105,709,584,292,45,101,67,1037,9673,1051,290,245356,79,52,327,158,11,840,7575,809,52,93,129,357,1327,60,90,623,5409,8068,198,387,78,25293,35,227,286,7544,4756,514,628,302,18,1033,2032,306599,749,176,86,93,310,915,71,35,120,1442,118,756,1376,11750,349,1959,1179,739,2585,60,912,82,246,9743,779,627,31,29,401,8302,623,84,9386,23,83,81,1221,49301,65,1101,105,61,749,19,60006,3659,7944,725,25
12 10,43,388,414,12790,932,75,976,631,218,26,122,22,1470,11748,1342,248,241854,58,24,310,112,3,844,9471,903,55,120,100,456,1588,103,90,854,6362,11898,179,496,79,35832,29,258,307,8538,5617,654,688,284,23,1174,2859,266710,1130,147,127,91,296,869,127,48,171,1986,94,1029,1441,16528,272,2336,1618,803,2530,55,727,51,213,13045,1031,807,86,132,387,9719,951,121,13430,40,91,56,1628,50785,94,1315,79,71,831,43,73034,3660,9303,804,81
12 11,40,263,263,8234,790,83,638,660,148,24,84,44,1236,9230,1006,410,183526,22,27,201,53,10,875,7303,751,88,97,82,484,1276,70,68,617,4942,8375,180,395,60,30865,37,207,190,7430,4708,457,505,311,31,1060,2404,248549,779,134,110,100,371,782,94,28,117,2109,80,653,1423,18791,252,1781,1303,1082,1814,83,743,41,187,11264,842,667,26,37,431,9628,811,88,14209,32,66,64,1301,41480,96,1074,91,25,692,27,55485,3473,7232,601,27
12 12,50,287,139,10402,475,23,505,648,106,16,48,27,900,8723,737,126,176841,37,13,158,32,0,621,4950,483,14,47,44,341,895,24,77,602,4132,7042,115,403,38,32887,23,186,123,15180,4167,377,324,205,13,1008,1463,225706,620,42,58,43,216,686,72,27,94,3301,56,480,1540,24949,183,1297,901,1141,2730,47,807,13,93,10129,526,956,23,19,240,7811,467,59,29365,26,36,54,978,42602,37,749,31,9,624,12,51797,3245,7269,499,1
13 01,82,263,201,8778,700,68,583,598,180,24,64,24,802,8702,811,158,177585,51,9,139,65,3,976,6283,600,35,80,54,364,924,54,46,651,4456,8833,117,478,31,23612,11,239,203,7922,4833,672,268,160,30,968,1580,207024,691,87,69,64,253,899,84,30,104,1717,83,583,1412,8250,174,1795,1562,890,2258,40,673,48,105,10059,663,391,25,20,312,9367,685,66,5625,21,78,97,997,47545,47,792,17,33,560,19,52164,2996,5095,868,7
13 02,38,202,122,6341,581,69,493,530,97,15,64,20,942,8537,633,114,226011,47,57,155,28,7,712,5948,589,14,34,48,328,900,57,65,534,4118,7249,174,375,41,35970,6,159,132,5687,3991,560,373,149,36,994,1592,216544,828,86,91,34,188,782,81,17,74,2271,88,507,1263,12014,249,1554,1045,790,1685,18,672,40,126,8938,516,615,33,30,296,7463,533,106,6724,18,65,53,882,47572,51,840,45,24,685,6,47314,3177,10547,756,8
13 03,54,524,206,12943,694,72,751,699,215,27,86,19,884,11015,956,188,235626,100,19,217,26,2,1052,7881,720,39,62,86,396,1225,37,54,716,5169,10106,195,483,51,34292,24,209,183,9450,4926,590,477,198,27,1212,2307,287162,1169,111,166,72,255,847,89,75,71,1693,106,718,1729,13898,250,1878,1584,1037,2067,126,940,35,156,14114,694,601,32,98,341,9224,1029,99,11099,31,64,57,1324,44315,57,986,59,25,698,21,64797,4214,12461,643,13
13 04,61,440,248,9348,717,44,766,728,225,48,57,40,730,10616,1132,270,284932,32,34,186,27,3,838,7331,746,21,82,81,360,1083,55,117,695,6280,9149,161,433,47,29647,21,220,186,9963,4666,457,383,266,13,1095,1903,199906,820,125,74,77,260,1164,86,41,54,1474,100,577,1943,19035,271,1975,1558,1397,2009,33,742,44,126,13419,698,457,34,45,394,9719,586,80,11855,14,69,80,1251,37000,79,923,57,70,671,15,66191,4010,10479,489,10
13 05,78,458,345,8864,608,61,738,659,179,29,138,32,1294,10816,1106,242,236352,34,28,352,43,8,674,7108,760,30,110,110,502,1257,54,73,679,5871,8273,167,412,43,22799,14,191,194,8982,5300,498,522,300,50,907,2150,212868,997,93,79,98,343,1671,111,30,116,1117,105,607,2282,14392,293,1816,1384,1132,2234,75,707,43,148,11721,780,425,29,38,374,10255,678,87,11080,12,96,71,1272,41921,53,1133,71,97,707,53,66353,3665,8289,542,14
13 06,80,736,245,10103,650,56,750,644,198,53,90,46,1324,10144,930,185,327092,26,38,317,50,4,820,6905,841,36,76,108,501,1180,49,263,760,5642,8912,150,537,42,34016,38,194,200,10210,5437,543,691,280,29,939,2149,197856,1209,179,269,108,338,1047,124,44,101,1839,176,791,2228,10879,325,1988,1463,1157,2296,145,866,54,160,9904,873,592,52,142,384,10895,1704,90,16679,20,55,60,1513,54049,111,1131,80,46,701,33,70997,3809,9490,693,16
13 07,59,207,215,9327,658,50,713,776,213,25,78,29,975,10289,1079,198,475025,25,31,295,33,44,768,7004,881,30,65,69,335,1273,48,56,426,6368,8284,181,543,68,32490,22,267,162,7444,4959,464,420,206,15,775,2254,206160,1251,120,71,76,153,1477,65,38,54,2119,91,775,1946,6939,405,2086,1404,1390,2235,17,645,44,143,9813,687,663,30,38,366,10306,428,87,8024,28,52,63,1159,50004,85,939,58,25,706,30,65904,3380,11127,552,21
13 08,87,994,192,8226,695,108,666,758,207,49,113,40,1212,11493,1016,173,539281,75,30,291,41,31,670,7381,754,42,60,83,447,1519,56,140,603,7128,9612,215,444,58,35839,28,264,203,13242,5099,753,460,178,14,878,2181,269086,1259,143,146,53,214,885,106,45,63,3044,157,778,1831,11418,426,2035,1403,946,2335,68,852,42,242,8825,810,877,28,160,450,10617,1606,67,8949,26,80,81,1114,53645,106,1071,101,73,742,32,63929,3488,10233,1259,24
13 09,55,420,253,11263,745,60,841,848,212,25,114,53,1254,10777,1174,243,410547,47,9,332,58,7,847,8197,818,38,74,99,565,1308,43,86,754,5784,9738,158,513,54,26916,29,273,236,9341,5789,588,528,230,25,1010,2309,242902,1181,100,149,68,388,1124,77,32,88,1571,156,713,1714,15259,283,1880,1715,1102,2529,78,979,24,209,10521,824,616,22,64,382,9381,996,114,12669,22,90,84,1446,48750,99,1082,36,60,781,35,64257,3930,10319,778,8
13 10,39,740,387,10315,873,105,969,723,316,28,129,64,1624,11851,1677,311,291709,81,77,415,63,23,907,9643,1080,61,119,123,657,1747,126,135,1140,7060,11281,278,534,43,42316,43,247,335,10770,5917,610,627,365,42,1155,3015,241017,1270,238,258,112,339,1389,106,34,104,2339,113,881,2268,21829,748,2523,2042,1176,2387,52,812,74,295,14292,945,718,61,78,505,11625,861,68,16406,79,95,75,1979,51804,131,1421,123,83,810,55,71851,4469,10611,684,32
13 11,42,434,224,7622,666,70,655,750,190,46,84,55,944,9122,1015,242,241371,15,11,317,73,4,979,7621,705,22,89,88,643,1496,36,99,667,5288,8182,158,437,53,35465,31,237,199,9965,5158,404,372,252,25,846,2556,221122,1201,96,93,111,310,753,83,44,126,2323,151,614,1623,24730,266,2048,1494,1326,2001,87,852,37,196,10723,774,570,46,35,399,10051,633,79,17301,29,58,87,1410,44428,113,1152,114,42,622,15,54678,3970,8300,420,9
13 12,107,647,164,10976,416,61,484,801,180,11,62,14,1019,8968,633,101,244541,26,22,155,33,2,831,5457,520,16,105,62,521,929,41,77,548,4672,7164,77,423,34,37978,17,195,131,16203,4600,384,294,214,23,815,1654,213804,815,66,102,38,313,932,90,23,84,4219,85,616,2078,28679,172,1498,1110,1526,3029,35,699,32,127,11266,593,948,44,27,344,9269,572,86,31285,22,63,48,1034,45167,63,849,50,18,588,11,54582,3218,7406,471,14
14 01,27,994,191,13316,555,54,564,661,431,24,69,37,1233,10876,716,146,415158,32,12,191,52,5,741,5776,603,18,86,58,560,1060,79,60,876,5313,7872,136,634,71,54211,64,366,202,22745,8205,458,333,159,27,957,2737,171661,2350,57,89,57,122,1207,136,20,177,5910,130,766,5095,36510,239,1870,1212,1523,3399,75,797,37,206,32966,949,1194,28,49,941,15262,454,65,34819,34,91,55,1146,52097,150,1537,126,14,1824,20,61288,3411,11385,518,11
14 02,41,483,194,9158,700,34,631,752,518,23,90,48,1057,9437,675,215,289608,38,16,188,53,9,1101,7226,773,26,69,37,440,1042,52,79,680,5312,11134,93,698,40,35115,63,448,237,11838,8591,674,247,193,34,876,2606,174888,1091,59,92,67,188,1298,106,36,129,2436,95,606,4736,12803,167,2189,1634,968,2691,48,691,52,225,26455,1059,561,30,39,922,15939,635,65,9022,40,90,109,1004,48392,76,1328,91,23,1835,18,58413,3537,7073,883,4
14 03,65,615,176,7178,682,59,596,892,484,18,86,60,1138,9128,721,241,310776,49,23,171,48,3,1011,6949,693,33,72,83,600,1187,49,117,781,5434,8123,166,615,62,35924,39,405,234,10942,7910,588,322,192,30,798,3056,191257,1277,111,85,77,198,1171,121,14,106,2285,159,728,4601,13594,253,2005,1420,972,1859,43,971,57,230,23779,882,602,28,24,740,14278,694,77,8105,35,109,89,1087,49005,68,1455,132,32,1890,23,56047,3831,17314,909,13
14 04,85,1160,253,9914,828,51,850,1026,595,19,128,51,1283,12231,987,238,408422,61,28,349,78,10,1252,9109,977,40,143,115,685,1588,82,107,906,6754,12411,182,707,90,35249,130,586,294,15497,11332,616,599,325,45,1112,4399,248733,1635,135,145,94,296,1070,147,49,167,2562,153,921,4874,20437,303,2817,1906,1496,1975,109,1113,59,241,32870,1132,745,31,123,1121,18110,905,113,15021,37,193,80,1552,49832,126,1698,142,60,2239,21,72189,4757,15902,918,10
14 05,23,908,321,13769,948,76,880,1095,762,27,138,68,1305,13128,1385,247,518907,49,19,422,111,11,1056,9037,1087,24,106,140,662,1750,113,133,976,7336,11226,171,715,68,55822,158,704,452,20882,12673,617,371,242,35,1298,4517,180847,1299,142,155,95,265,1577,115,62,116,3050,242,1230,5996,25583,255,2672,2126,2191,2464,58,852,68,236,46269,1111,941,34,80,1176,20462,615,111,18605,38,186,149,1675,53793,119,2120,226,43,2180,40,76590,4964,16727,743,23
14 06,70,837,244,12178,834,67,779,771,778,49,143,108,1260,13249,1113,328,503744,67,46,389,86,15,1081,8899,972,36,161,116,644,1531,56,112,1033,7016,10714,141,749,71,47107,143,685,389,22329,13251,643,508,246,51,1185,3948,202802,1720,115,245,94,239,1719,115,45,135,2570,189,1292,5102,21383,441,2582,1670,1746,2649,84,894,97,284,44652,1522,879,63,63,1289,19413,753,129,17760,51,342,100,1602,62765,187,2027,212,47,2347,71,74241,4138,16026,960,25
14 07,31,822,299,12746,877,56,837,849,858,33,124,83,1298,12144,972,312,563563,54,16,514,126,11,1025,7801,879,50,171,114,748,1582,57,132,933,6473,11131,221,759,96,54928,187,807,480,21808,17513,696,494,275,43,862,5174,174387,1762,163,233,97,268,1303,133,37,119,3314,178,1416,6017,16011,303,2516,1787,956,2666,172,846,85,340,46262,1133,1151,40,41,1446,20166,1207,127,21027,38,554,79,1602,63721,112,2395,178,72,2489,33,81671,3736,14866,1031,30
14 08,33,697,307,12359,832,65,863,798,893,21,166,76,1138,13025,1251,289,681257,43,20,296,75,24,937,8367,909,50,81,112,451,2058,73,89,712,7448,12237,162,638,48,48816,127,811,336,20550,15091,647,490,137,34,855,4228,173877,1839,157,128,67,65,1428,151,45,124,3579,92,1485,5027,11233,306,2847,1626,2115,2958,53,612,64,259,40551,1370,1117,61,88,1302,20252,590,78,10568,35,432,77,1177,65024,103,1876,161,49,2277,43,76644,3872,14230,1024,19
14 09,33,1494,299,9259,872,124,905,1052,871,36,160,55,1551,13056,1104,291,748647,72,75,453,99,9,870,9046,943,44,212,124,508,2269,71,176,909,9078,11519,180,711,76,51563,183,855,430,15321,16250,796,649,260,37,945,4663,211300,2126,143,248,89,70,1684,149,70,115,5466,279,1230,4832,11523,218,2569,1660,1594,2671,142,1034,66,319,41092,1376,1319,47,173,1338,20067,1665,87,10164,72,454,97,1370,62924,155,2055,166,67,2522,41,73862,4916,14125,1432,18
14 10,61,863,404,16205,973,99,954,1087,802,236,136,53,1506,13928,1346,477,552609,61,15,460,111,17,860,9766,974,67,119,167,754,1637,92,136,1045,6687,12548,150,683,123,40675,162,655,416,12293,14368,674,1241,331,32,928,4484,197832,2363,110,631,149,121,1719,156,42,131,2864,203,1177,4560,20886,248,2609,1977,1240,3065,263,1144,102,323,32611,1703,967,58,390,1247,17673,1306,91,15250,56,321,106,1560,55766,196,2151,185,82,2053,73,75978,4965,13453,1084,27
14 11,57,1008,435,14005,1041,108,1142,856,735,112,179,85,1864,15324,1690,397,554382,85,25,527,168,21,1020,10878,1435,98,157,216,652,1923,123,133,1128,8156,13113,231,757,117,52411,187,641,447,18978,13013,722,970,368,117,1725,4692,191709,2268,271,333,145,142,1256,198,137,142,3854,195,1359,4176,28313,342,2974,1959,1268,2593,130,911,122,358,40471,1497,1122,102,126,1304,18406,928,111,20096,52,285,120,2004,61143,173,2179,235,96,2156,90,84143,4650,16043,1050,59
14 12,27,787,316,12150,821,122,872,1196,645,24,101,38,1194,12874,1076,304,453219,80,6,375,81,10,898,8690,983,47,142,105,666,1846,66,184,926,6573,10488,194,682,88,47113,75,534,475,15859,10117,620,444,214,32,953,4140,180868,1774,130,165,129,159,1118,141,42,118,3494,221,1026,5096,26626,294,2832,1763,1773,2167,87,909,54,260,34571,1296,799,49,155,1060,16391,510,103,20900,36,198,90,1466,51866,128,1797,147,107,2132,26,64549,4413,12705,566,18
15 01,26,693,191,10109,890,54,614,713,576,11,59,46,1099,26173,684,252,390007,30,14,184,45,6,792,7963,734,36,57,58,755,1017,56,107,758,5322,6997,99,693,51,35454,27,354,162,12210,7275,732,246,171,48,806,3193,142560,2298,84,117,56,80,1263,98,20,172,2572,108,765,4516,12437,164,2024,1709,1119,2670,47,758,59,109,25986,1034,348,25,82,858,23535,594,76,8949,42,162,77,1093,52686,75,1408,105,26,2212,28,63203,3760,10025,1215,20
15 02,15,597,157,7117,697,60,698,915,554,25,61,49,1175,25640,715,183,510783,47,25,271,55,6,743,6964,677,39,77,107,764,1049,27,126,741,5521,6131,129,676,79,51068,74,300,153,12150,8051,716,306,168,52,815,4479,144333,2298,131,78,70,111,1215,112,56,170,3478,124,830,4563,14253,254,1941,1354,1113,1672,39,919,73,169,24437,1064,422,63,42,939,20995,594,98,8192,38,152,71,1004,56411,114,1460,105,39,1864,20,61857,4251,12268,1261,19
15 03,26,1336,351,11090,923,85,851,964,608,18,82,93,1366,34326,970,291,498114,68,39,423,97,11,862,11463,983,65,120,131,797,1427,49,166,926,7430,9574,190,996,101,51933,200,537,247,15744,10257,811,594,266,42,1284,5022,220389,3011,150,131,110,142,1544,125,47,236,3033,181,1047,4870,21534,300,2582,1941,1685,2096,101,1195,79,293,34431,1377,454,57,69,1209,28538,1094,124,15554,55,174,78,1630,55053,106,2123,127,64,2171,53,80133,4905,26049,1221,24
15 04,34,1107,472,15612,892,70,1394,1133,789,64,124,63,1746,43314,1307,422,633226,66,35,475,67,3,916,11783,1121,56,83,215,838,1467,62,152,1034,8263,10260,247,957,96,67506,227,541,245,21152,12023,969,436,167,51,1468,6076,155794,2620,229,191,99,155,1903,176,46,156,3400,215,1532,5900,28352,281,2780,1919,2208,2547,120,1082,94,334,45941,1640,695,62,83,1521,33561,682,95,18346,58,315,116,1634,63468,150,2264,207,89,2743,50,93789,5102,22667,1538,29
15 05,38,840,374,14486,813,108,1092,1087,716,46,97,64,1390,38034,1075,368,609952,56,39,485,70,25,830,9769,1001,72,141,140,895,1517,78,154,1046,7771,7769,200,986,135,54142,282,688,292,20200,14257,799,512,254,42,1322,6029,189876,2577,166,199,112,186,1964,141,33,159,2941,213,1253,5518,19497,336,2433,1598,1667,2549,118,987,79,565,41860,1373,497,42,95,1488,31476,783,170,16773,50,291,118,1354,61832,145,2293,178,52,2568,37,85073,5450,17481,1569,33
15 06,53,400,326,8582,786,56,844,815,702,15,98,66,1041,32760,954,407,310623,128,16,438,65,27,784,7474,768,49,92,111,663,1376,116,137,895,5475,6045,179,895,100,13998,312,532,302,14942,11935,535,422,149,28,716,5141,102448,2090,137,104,78,131,1515,273,24,178,647,167,1230,4417,10312,332,2023,1633,1620,2170,54,962,73,448,32014,1518,442,53,37,1380,23994,554,84,7938,34,331,103,1308,17420,97,1651,72,71,2082,53,77567,4567,12991,1313,20
15 07,35,558,226,9093,883,96,744,845,488,26,90,45,1316,32578,1177,212,248505,48,51,319,72,49,875,7638,832,77,88,99,606,1405,119,128,800,5833,6032,211,861,58,7832,165,491,260,10487,8603,459,432,163,33,957,5177,83374,2072,144,112,138,89,1467,177,48,166,463,149,1481,4221,5925,287,2356,1634,1441,2221,162,632,94,254,24198,1238,326,26,108,1117,25456,1171,89,4465,33,307,161,1271,12991,115,1799,96,64,2491,39,74655,5191,11947,1258,26
15 08,16,821,262,8585,812,116,857,1059,802,69,123,58,1309,33658,1186,305,508177,93,47,390,59,17,851,9594,921,91,114,172,1051,1584,51,234,859,7816,7473,245,933,127,33824,291,668,321,14672,31526,755,663,197,52,1059,6987,151985,3088,263,181,75,135,1439,145,52,165,1435,235,1541,4654,9760,429,2606,1920,1339,2334,92,1318,94,389,33637,1218,476,38,127,1429,31517,1494,149,6987,61,293,83,1266,28817,146,2298,146,64,2676,34,78271,5795,15088,2118,25
15 09,35,654,381,12349,875,95,930,1056,717,145,121,58,1566,33362,1245,411,583867,76,22,518,87,35,941,9889,1035,93,156,165,1008,1655,57,181,988,7399,7597,264,1066,106,52461,306,639,302,15441,14200,774,638,191,49,1048,5978,158898,2155,364,169,110,93,1554,179,36,164,2297,219,1053,4942,17605,396,2483,1706,1339,2753,278,998,93,467,37179,1744,556,56,209,1629,28975,1045,109,11891,56,370,76,1471,49210,187,2283,192,68,2542,47,76346,5592,16559,1630,35
15 10,20,831,581,14093,1204,74,1144,1263,878,45,188,64,1664,40662,1583,361,643054,89,45,527,112,17,939,13023,1273,111,125,241,1139,1936,97,188,1257,9032,9917,312,1256,163,53708,284,733,364,20280,15556,1057,795,285,117,1615,7308,182146,2703,412,132,118,167,1590,207,79,171,3643,286,1563,5447,23806,477,3139,2168,980,2569,101,1379,161,443,43649,1687,724,49,125,1777,34307,742,177,15693,58,497,148,1814,51496,189,2233,129,99,3037,49,90545,5708,21218,1961,31
15 11,28,764,347,9840,904,82,973,1154,647,31,113,60,1056,31715,1120,382,503665,84,25,379,105,77,777,10143,924,66,127,111,715,1604,74,186,972,6754,7733,199,907,99,47363,182,617,278,16572,11698,779,533,280,57,1008,5806,166196,2553,303,179,80,153,1186,148,34,174,3166,246,1162,4924,28124,384,2727,1684,1502,2177,91,1194,78,299,35316,1254,511,48,57,1322,27753,518,123,18257,82,299,100,1441,50065,142,2079,98,99,2471,36,74486,4784,18697,1159,22
15 12,10,1009,272,13401,661,55,758,1083,615,13,82,54,1028,29898,736,274,462841,47,12,269,53,2,673,7023,704,28,61,66,787,999,27,108,765,5419,5744,125,725,51,54827,117,406,136,20622,8913,892,330,142,17,848,4296,161191,2196,220,114,69,180,1426,110,21,136,6748,147,791,5265,32177,282,1857,1090,1591,3048,53,995,47,225,33549,1038,553,36,35,1012,26110,500,66,27357,35,174,71,935,51913,91,1494,97,54,2198,12,67864,4348,14333,1007,13
16 01,24,665,267,10095,713,46,730,971,608,32,66,41,1013,10743,767,272,519272,60,17,259,54,10,1006,7413,833,44,65,78,526,1282,61,68,911,5532,9603,130,721,63,33691,107,395,238,15839,10395,638,290,129,37,910,3307,140045,2580,193,110,52,126,1495,136,33,152,2848,180,803,5312,13946,231,2203,1529,1177,2473,52,1040,71,222,32581,830,533,32,67,1003,16749,673,89,8276,40,170,113,978,60505,100,1621,93,29,1971,29,63991,5301,11467,992,5
16 02,35,582,230,7425,811,47,628,960,592,26,118,55,950,10928,872,259,533100,89,29,286,53,25,803,6908,768,48,75,101,611,1309,50,134,892,6218,8316,188,763,57,49259,99,473,228,15922,10299,575,477,170,21,740,3282,146496,2994,289,96,68,130,1233,106,23,137,3482,226,823,5115,19705,265,2073,1285,1350,1916,36,1149,111,257,31589,1056,655,45,43,924,14377,734,99,8280,36,204,118,1043,60460,113,1653,90,57,1897,16,62521,5186,24628,987,27
16 03,24,1522,350,13433,988,57,970,1069,875,34,116,51,1228,14659,1257,296,587519,82,31,355,62,10,877,11205,983,67,109,147,827,1938,78,169,1035,7274,13564,161,889,117,63013,153,649,385,19576,13933,652,640,191,27,1224,4498,225926,3336,269,172,90,109,1379,130,75,215,3995,216,1170,5430,28704,234,2589,1966,1943,2156,99,1297,99,325,43247,1236,853,63,74,1286,19480,833,145,17670,53,310,87,1594,60683,165,2115,141,53,2376,50,76430,6152,27401,805,20
16 04,14,886,362,14154,1020,29,963,1084,816,20,122,50,1411,15733,1525,381,675743,38,13,404,80,16,948,10391,951,87,89,172,696,1784,66,125,1086,8834,12183,181,896,114,52752,242,573,327,27077,14021,649,502,210,33,1268,5028,176864,2934,322,164,103,129,1846,160,53,190,3453,269,1199,5948,31790,208,2971,1474,2617,2438,76,1026,113,402,47068,1392,919,37,140,1423,21953,554,131,20236,57,395,114,1643,71722,158,2627,96,62,2398,47,88781,6075,28598,925,23
16 05,16,714,538,12973,886,72,1059,1673,1065,40,140,67,1991,15767,1295,469,698631,50,33,560,84,33,789,9666,1092,119,159,156,977,2093,93,152,1294,8827,11366,372,1115,162,52089,497,715,479,28301,20642,638,699,263,59,1300,6806,180331,2610,428,235,91,110,3443,243,48,153,3161,324,1356,6166,27965,750,2825,1493,2483,2773,111,1307,121,667,53116,1372,906,68,85,1722,21937,939,134,17987,50,526,92,1578,67784,186,2594,112,185,2789,35,87607,6149,21576,1139,42
16 06,33,375,386,13118,946,115,912,1156,871,16,127,66,1945,14083,1180,349,752700,82,32,542,90,13,847,8724,935,132,70,133,535,1998,94,224,1227,7417,11402,245,973,156,62556,468,762,416,25704,18658,698,745,145,65,1060,5873,181771,2951,361,71,73,67,2433,217,55,212,4328,176,1758,6468,15720,257,2580,1691,2200,2786,54,922,120,683,50590,1335,1085,48,21,1640,20285,369,95,21857,42,557,83,1930,90499,155,2401,139,50,2971,36,95133,6111,27612,1135,40
16 07,17,1636,404,15214,1082,102,1109,963,958,38,157,54,1593,16143,1567,425,911137,78,45,427,98,20,809,9295,1107,141,129,172,858,2268,82,163,882,8539,12064,300,915,124,58772,431,904,430,29492,20355,673,909,188,38,1021,6254,188023,2936,247,256,96,64,2165,200,62,194,4704,280,1736,5497,16237,315,3526,1357,2064,3179,281,944,160,683,54129,1348,1263,54,265,1753,19939,1789,112,11439,54,869,99,1567,84303,167,2806,139,56,2796,38,86080,6187,27654,1394,41
16 08,24,934,367,9854,1037,77,1003,1324,956,100,184,58,1547,15877,1327,362,870866,91,58,475,113,46,854,10070,961,173,195,185,648,2820,60,302,1030,9818,13028,260,971,197,56603,464,972,483,25256,20138,768,966,198,41,1017,6557,229166,3321,357,296,106,63,1610,191,96,169,5505,409,1367,5585,13904,271,3468,1455,1917,2442,130,1325,173,771,51081,1387,1284,39,232,1770,19420,2123,118,10948,90,822,77,1423,82605,206,2274,155,162,3044,37,78743,6827,23909,1651,31
16 09,15,872,460,14882,1013,79,1078,1197,979,65,170,80,1763,16329,1294,710,719020,85,17,447,127,46,910,10331,944,155,144,145,740,2163,125,137,1050,7658,12076,232,869,180,42321,484,1041,481,25156,21195,755,998,192,50,1302,6522,210618,2689,304,237,89,124,1808,247,35,305,2847,304,1431,5771,29000,284,2957,1452,1839,3094,103,1086,167,782,54465,1577,997,58,133,1801,19831,1157,118,17713,65,781,108,1469,76715,177,2629,72,121,2918,44,82424,6418,27540,1427,21
16 10,38,641,501,14102,1217,89,1331,1323,947,51,159,85,1768,18769,1757,412,674734,39,42,629,168,14,1097,12335,1446,195,160,178,881,2438,115,195,1311,9996,13332,293,1153,196,63019,404,843,608,29364,18339,769,924,184,52,1898,6381,228988,3034,547,172,108,135,1346,259,77,211,4655,305,1536,5955,36274,261,3486,1678,1345,2758,153,1332,170,666,56680,2229,1251,86,122,1829,23604,689,156,22961,87,791,148,2021,77076,204,2400,192,105,2970,36,92936,6054,31736,1116,31
16 11,18,904,327,11995,1012,91,883,1050,790,38,129,47,1469,15406,1157,433,526609,40,24,423,103,17,852,8896,947,110,165,160,682,2017,80,210,1041,7115,11520,168,954,133,53487,330,699,402,24708,15897,655,1024,169,62,1096,5827,214890,3062,343,163,111,93,1030,173,35,162,4005,214,1336,5418,34361,250,2855,1420,1998,2616,88,1074,114,581,46044,1853,1024,39,87,1330,20270,903,113,24497,71,727,108,1443,66732,178,1956,149,62,2536,35,73935,6229,25320,931,47
16 12,29,1099,270,15880,639,48,729,803,708,31,135,46,1406,13586,837,314,531801,36,23,371,74,8,794,6179,651,71,154,95,550,1426,63,117,940,5811,8446,145,772,94,64077,262,623,248,29982,12901,503,479,129,40,789,3933,198724,2633,292,154,70,80,1265,152,20,130,8037,223,983,6156,44080,158,2141,1000,1647,3407,67,935,70,434,46102,1224,1136,33,109,1142,20009,567,51,39980,75,462,64,1114,66864,128,1711,115,47,2366,23,72102,4610,21643,1001,24
17 01,39,563,379,12103,734,61,723,829,719,38,130,63,1301,12851,859,293,563820,53,19,319,98,6,980,6822,830,84,78,98,453,1357,70,117,857,5914,10559,166,908,90,55627,272,535,289,19581,12545,696,639,123,41,912,3917,158321,3183,292,199,63,78,1287,116,28,192,4590,191,939,5546,20601,191,2289,1512,1322,2916,61,985,83,410,38614,1162,836,31,102,1132,19871,607,70,9820,60,409,90,1039,72586,127,1763,81,45,2520,20,65070,5792,15405,1167,38
17 02,38,571,305,8637,983,75,681,1220,636,26,191,54,1185,11905,964,387,582029,91,17,325,95,59,894,7547,776,78,82,122,563,1409,94,182,967,5946,8425,191,889,99,36970,225,621,261,21212,12534,563,615,184,40,830,4052,187009,3641,316,126,55,129,1288,156,23,200,2629,225,1090,5816,19891,269,2417,1276,1564,2016,64,1470,82,547,36046,1470,628,30,51,1223,18076,671,98,8959,61,518,178,1027,77978,130,1723,79,78,2599,17,59862,5885,29092,1262,51
17 03,25,1740,412,12878,985,67,1141,1265,650,66,174,55,1424,16498,1226,365,350298,70,16,383,78,7,997,10661,996,117,167,153,758,1876,132,163,1207,7663,14966,196,929,93,47923,202,611,367,22037,11867,787,877,206,42,1331,4001,276223,4005,262,284,88,117,1483,230,56,301,3203,303,1310,6703,30857,280,2876,1597,2429,2383,111,1388,96,339,40935,1880,785,81,126,1450,23218,883,100,21038,45,420,113,1575,77309,131,2153,108,53,2858,39,81793,6385,34609,996,43
17 04,26,947,445,19139,1094,73,1110,1138,757,74,132,45,1584,17751,1849,371,218908,86,17,576,169,4,839,11808,1021,92,135,174,622,2116,131,140,1349,9994,13452,219,795,98,79145,100,447,373,24351,9590,822,576,221,47,1879,3419,167474,3820,175,284,121,67,1440,227,72,295,4861,367,1792,5932,34486,197,3417,2121,1955,3307,90,1163,103,304,48203,2055,1156,53,315,1230,26922,829,94,22947,64,301,149,1738,81810,192,2266,82,41,2554,22,91396,6093,36210,922,33
17 05,47,610,440,11599,897,76,1006,1084,608,51,167,44,1474,16846,1332,492,246069,42,30,508,122,28,988,9276,927,129,162,211,598,1946,97,123,1284,8747,10227,239,700,121,51976,260,532,500,17474,11529,637,790,173,66,1026,4330,161404,3396,165,147,83,113,1795,148,73,324,2757,301,1382,5873,23943,231,2850,1262,2179,2873,85,1149,58,432,40039,1656,799,44,82,992,23016,700,95,18494,72,255,122,1474,76295,155,2151,102,51,2142,104,84809,6841,29227,819,63
17 06,23,703,421,13549,800,108,1115,913,452,29,146,53,1424,14525,1086,337,247965,73,28,481,62,20,940,8055,966,89,55,137,457,1820,94,161,1088,7339,9357,210,722,116,58663,185,475,366,18823,9588,642,963,110,54,846,3456,169505,3703,134,96,68,66,1963,193,46,152,3684,193,1227,6007,18150,304,2579,1528,2529,3189,69,803,85,301,35991,1615,769,60,61,837,23872,597,61,21515,46,226,101,1751,80777,129,2283,117,80,2261,37,95861,7010,35379,635,27
17 07,31,1654,501,12334,1061,90,1033,1222,604,45,122,55,1772,14820,1476,397,249420,45,44,507,82,18,880,9242,1071,85,181,134,762,2240,89,189,810,8811,10859,239,710,106,57089,220,351,403,16264,10218,674,873,222,65,1126,4072,172707,4254,155,292,101,138,1397,178,64,140,5021,313,2635,5568,12797,269,3332,1416,2674,2998,213,1287,89,382,33087,1912,997,43,152,981,22663,1872,76,10727,44,280,100,1457,87746,144,2455,118,48,2291,45,90271,7514,35187,868,56
17 08,24,1201,456,10483,1015,163,1033,1331,670,71,194,52,1495,15295,1309,331,270684,105,85,385,81,10,868,9790,938,95,148,241,776,2566,51,254,960,9602,11073,287,687,111,59371,197,484,403,14077,10055,750,1047,308,32,986,3809,230519,3969,165,396,73,74,1581,200,75,181,6754,457,2208,5532,15755,340,3151,1034,1899,2455,98,1208,78,397,32047,2041,989,40,149,1030,20324,2159,110,10793,94,272,102,1352,84793,194,2917,95,101,1989,30,81959,7716,31309,1188,32
17 09,24,621,368,13056,1048,128,1140,1499,640,37,172,98,1588,14009,1414,368,239458,103,64,469,146,22,1017,10536,1096,96,110,175,743,2178,81,221,1068,7767,10291,373,837,128,45128,135,589,442,16722,9841,702,1023,200,42,1307,3340,221733,3885,202,280,140,164,1932,210,62,259,2755,416,2074,6062,20811,523,2918,1102,1863,2905,128,1269,73,387,34539,1933,840,84,125,1178,21509,1130,151,15110,64,462,141,1609,76997,175,2672,132,109,2041,51,77786,7924,32763,987,56
17 10,14,748,495,12423,1088,130,1135,1676,616,39,153,69,1720,17662,1753,426,265174,43,57,503,147,25,958,11328,1346,137,160,190,888,2362,100,148,1360,9194,11842,280,895,116,55064,111,593,435,20086,10148,870,928,287,48,1812,3752,182083,4543,210,346,125,227,1601,240,60,253,3698,345,2128,5625,32403,235,3070,1362,2010,2710,83,1436,118,410,44646,1860,989,77,74,1143,23566,1004,115,19089,88,285,97,1860,84459,207,2512,128,87,2344,42,89644,7667,42519,1053,28
17 11,17,731,337,10282,985,106,983,1044,492,45,146,42,1791,13321,1281,296,236068,44,18,553,95,8,818,9198,983,55,88,141,868,2292,136,143,1203,7265,8984,212,714,123,53366,50,528,340,19177,8913,711,778,215,42,970,3974,215174,4113,146,258,92,168,1048,195,44,203,3874,270,1882,5225,33080,226,2857,1066,2308,2502,84,983,70,233,37780,1843,763,37,86,888,21777,590,86,21897,75,259,107,1503,79036,168,2422,89,56,2020,21,77605,7162,31829,603,29
17 12,12,1121,346,15100,664,55,642,1310,413,44,102,27,1375,13278,925,257,274818,36,40,306,59,7,843,6814,614,34,73,93,680,1475,63,118,1088,5771,8011,211,812,74,58860,45,327,191,22104,7630,502,648,254,37,765,2313,195436,3673,116,106,83,201,1155,129,38,130,8023,286,1667,6399,45378,242,2198,771,1519,3272,91,992,48,232,37661,1439,1017,20,54,730,20603,449,60,36185,59,181,78,1061,78050,122,2269,57,57,2219,27,73221,5722,27400,744,15
18 01,25,623,431,11815,805,78,770,1272,371,46,115,63,1443,12677,1091,347,242126,68,24,289,64,8,926,7448,717,73,81,92,660,1671,68,110,1019,6070,9629,192,719,59,34784,25,494,244,17126,7498,632,563,236,27,832,2804,170576,4061,95,199,76,101,1532,147,27,158,2935,231,1417,6011,22152,156,2367,1019,1525,2707,88,1266,56,229,32073,1520,596,43,159,739,20602,762,65,9691,51,138,117,967,78321,119,1959,69,38,1659,19,68069,5850,19513,930,17
18 02,17,527,325,8860,1731,98,826,1289,377,29,259,53,1593,16682,2428,410,270761,87,41,314,80,9,1463,9705,823,58,92,152,756,1536,197,134,1954,7397,10523,245,761,66,50726,69,484,319,14842,7191,693,570,211,47,741,3227,170543,4801,130,74,85,109,1171,233,49,375,4840,315,1431,5355,22593,231,3949,1803,1754,2064,57,1424,107,321,27935,1727,789,52,72,644,19631,569,49,9131,74,216,603,1928,90673,124,1926,67,53,2027,22,76796,6054,30759,1116,53
18 03,23,1857,402,10790,1082,69,1086,1524,496,45,161,43,1613,19036,1513,462,321749,96,33,416,102,22,834,11353,1174,77,122,151,814,2297,98,199,1205,7238,12404,327,909,89,62470,112,661,401,20279,9459,763,787,279,45,1541,3574,296447,5630,189,270,78,171,1509,189,70,212,4439,323,2298,6127,37890,236,2702,1420,2471,2385,100,1578,48,359,42037,1760,990,52,111,977,24194,659,85,22221,72,296,171,1721,96811,109,2483,57,50,2318,32,87866,8034,50858,806,18
18 04,20,904,591,15608,1082,95,1317,1242,591,86,169,58,1824,18712,1778,471,299421,63,31,516,113,20,870,11039,1189,112,108,207,857,2050,117,137,1193,10315,13506,220,864,113,66621,152,533,467,27989,10720,741,680,246,27,1909,4180,215868,4926,247,308,100,286,1429,279,67,186,4123,546,2385,7402,41773,225,3323,1032,2204,3126,130,1227,126,397,50055,2119,1059,41,210,1155,29961,876,121,21170,83,349,132,1883,107719,187,3368,72,78,2306,31,100670,7631,56811,994,23
18 05,38,465,457,12550,962,79,1031,1226,635,50,152,37,1743,18835,1474,503,307427,94,90,523,96,20,832,9823,1029,81,77,181,739,2282,148,141,1232,9549,10941,352,777,98,57425,194,486,450,19158,11724,761,740,242,45,1318,4509,229215,4823,184,107,80,242,1721,249,43,163,3142,349,2096,6515,25458,339,3109,875,3165,3064,60,1238,78,383,43747,1884,819,76,54,1095,25564,589,111,19804,117,362,108,1615,91102,181,2635,132,76,2277,36,92902,7387,38158,1102,50
18 06,16,674,343,11942,827,86,928,1283,523,98,138,53,1636,14667,1236,381,322227,81,60,615,93,9,858,8526,887,103,79,145,649,2163,97,484,1204,7833,10727,256,800,91,65868,97,439,405,22940,10424,771,603,224,65,918,3988,237209,4854,123,256,85,219,1961,180,41,139,3844,288,2050,5953,27677,189,2614,1114,2432,2894,78,1186,75,332,38513,1718,831,56,144,997,25710,1408,51,23153,78,261,100,2040,105435,167,2530,90,39,1980,27,102403,7318,52236,872,11
18 07,27,1406,440,11602,1089,66,1299,1408,515,72,161,85,1632,15252,1687,382,336620,86,93,593,102,13,886,9223,1217,95,126,172,790,2700,89,563,966,9703,10873,251,710,49,57842,96,441,559,18180,10031,767,730,254,45,1199,3861,232703,4657,148,308,73,395,1549,188,99,153,5557,403,2943,6337,15746,219,3592,1310,2485,2706,148,1300,72,344,30042,1915,970,50,287,911,27135,1841,95,11559,95,231,112,1582,100558,165,2712,121,65,2170,35,98110,7529,50616,968,35
18 08,38,1276,344,11697,1094,143,1039,1586,611,96,189,68,1800,15096,1435,420,410122,123,97,481,98,30,992,10145,1028,108,140,306,555,3428,105,542,1033,10939,11435,262,693,69,62821,104,414,446,15910,10729,860,631,235,58,1246,4316,319017,4823,218,456,88,138,1646,219,187,159,6424,487,2086,5293,19261,255,3427,1004,1992,2790,137,1247,91,415,31557,1974,1038,61,408,942,21909,1998,77,11877,97,358,134,1374,103289,178,3241,182,156,2279,50,84465,8306,41519,1503,51
18 09,9,709,443,15405,1121,84,1165,1622,592,61,170,58,1753,15891,1696,600,360517,89,50,640,184,31,810,10877,1073,94,120,258,486,2591,148,559,1201,8097,10948,288,800,112,48861,156,536,466,18364,11511,816,592,272,53,1976,4532,249835,4591,168,217,84,274,1739,203,77,228,3035,396,2013,5542,28658,251,3169,1067,2008,3321,120,1438,80,407,34320,2188,895,53,65,1073,21431,840,109,15388,84,349,148,1539,90122,169,2388,118,83,2182,28,85895,8633,42003,1063,35
18 10,44,1019,548,15019,1303,120,1420,1603,587,69,193,73,1995,20364,2013,558,404545,60,96,716,146,15,794,12748,1494,125,141,283,600,2962,176,569,1346,10947,13963,349,911,115,60631,189,700,575,25038,12798,950,503,297,90,1807,4971,292519,4967,295,205,112,248,1770,285,63,264,3661,490,2712,6118,40807,276,3737,1332,1888,3280,96,1307,126,472,52805,2166,1073,51,168,1318,26461,887,113,21827,95,417,174,2319,102046,177,2628,102,87,2695,73,108108,9082,59354,1061,19
18 11,23,1006,315,11809,1034,115,1019,1302,468,64,151,43,1611,15375,1220,382,347620,70,28,579,137,5,814,9550,927,72,113,248,493,2517,83,477,1112,7793,10217,216,781,130,53059,85,477,348,24249,10353,716,247,226,63,1256,4381,301938,3693,102,179,108,270,1063,219,46,192,4045,319,2162,5337,45748,189,3146,1104,2208,2863,59,1093,68,396,45110,1929,840,21,72,938,22104,639,81,26023,80,243,110,1561,90540,131,2199,80,72,2420,28,85227,7631,44005,718,32
18 12,26,1224,241,17293,636,70,778,1254,362,50,116,53,1438,14272,854,332,363710,33,9,377,80,18,757,6736,683,56,118,132,418,1507,63,436,1100,5973,7983,177,660,57,58834,50,457,231,26174,8537,524,227,161,47,900,2644,260574,3278,77,185,67,396,1098,129,37,172,6832,317,1879,5527,55704,170,2326,758,2300,3452,64,1032,54,249,43338,1306,944,37,193,728,21917,700,55,40515,84,185,62,1215,89599,143,1939,37,37,1896,16,77662,5936,33616,863,10
